{
    "Player": {
        "position": {
            "pos": {
                "x": 12.532999992370605,
                "y": -63.156700134277344
            }
        },
        "size": {
            "scale": {
                "x": 3.5399999618530273,
                "y": 5.0
            }
        },
        "velocity": {
            "speed": 13.579000473022461
        }
    }
}